Molname;Avg. vina Binding Energy;Min vina Binding Energy;Max vina Binding Energy;Template-Ligand Baricenter Distance (docking pose check)
Caffeine;-5.436000;-5.494000;-5.343000;2.969408
Theophylline;-5.263000;-5.789000;-5.016000;4.445337
CPCPX;-7.245000;-7.990000;-6.543000;3.074513
SCH442416;-8.343000;-8.877000;-7.645000;2.896176
ZM-241385;-8.471000;-8.917000;-8.122000;2.636324
