Molname;Avg. vina Binding Energy;Min vina Binding Energy;Max vina Binding Energy;Template-Ligand Baricenter Distance (docking pose check)
Caffeine;-5.424000;-5.515000;-5.319000;2.698600
Theophylline;-5.256000;-5.785000;-5.013000;4.037552
CPCPX;-7.306000;-8.027000;-6.632000;2.577769
SCH442416;-8.420000;-8.893000;-8.173000;2.837656
ZM-241385;-8.418000;-8.945000;-7.825000;2.956764
